Top pages,Clicks,Impressions,CTR,Position
https://emojicircle.com/,25,145,17.24%,4.32
https://emojicircle.com/games.html,15,236,6.36%,19.83
https://emojicircle.com/games/emoji-chess.html,4,13,30.77%,6.92
https://emojicircle.com/emoji-search.html,3,34,8.82%,12.47
https://emojicircle.com/quiz,3,20,15%,2.45
https://emojicircle.com/games/emoji-compatibility-calculator.html,3,9,33.33%,28.33
https://emojicircle.com/categories/animals.html,2,39,5.13%,34.44
https://emojicircle.com/tick-tac-toe,2,35,5.71%,18.71
https://emojicircle.com/games/emoji-spot-the-different.html,2,28,7.14%,18.89
https://emojicircle.com/blogs/new-emojis-2025-2026.html,1,4470,0.02%,8.28
https://emojicircle.com/blogs/history-of-emojis.html,1,171,0.58%,46.98
https://emojicircle.com/categories/people.html,1,40,2.5%,18.85
https://emojicircle.com/games/emoji-othello.html,1,37,2.7%,7.19
https://emojicircle.com/games/emoji-rock-paper-scissors.html,1,33,3.03%,8.85
https://emojicircle.com/memory,1,16,6.25%,5.88
https://emojicircle.com/games/emoji-guess-my-mood.html,1,11,9.09%,9.45
https://emojicircle.com/categories/travel.html,0,87,0%,12.34
https://emojicircle.com/categories/food.html,0,56,0%,23.04
https://emojicircle.com/blogs/ai-changing-emoji-game.html,0,37,0%,9.19
https://emojicircle.com/categories/objects.html,0,37,0%,19.84
https://emojicircle.com/categories/flags.html,0,33,0%,8.88
https://emojicircle.com/blogs/unicode-and-emojis.html,0,29,0%,11.14
https://emojicircle.com/categories/smileys.html,0,29,0%,22.72
https://emojicircle.com/categories/symbols.html,0,27,0%,8
https://emojicircle.com/blogs/emojis-in-business.html,0,21,0%,18.33
https://emojicircle.com/blogs/emojis-and-diversity.html,0,17,0%,19.53
https://emojicircle.com/categories/activity.html,0,16,0%,8.69
https://emojicircle.com/blogs/science-of-emojis.html,0,10,0%,42.7
https://emojicircle.com/games/games.html,0,9,0%,10.33
https://emojicircle.com/games/emoji-tick-tac-toe.html,0,9,0%,26.11
https://emojicircle.com/blogs/blog.html,0,8,0%,6.88
https://emojicircle.com/games/emoji-2048-extreme.html,0,8,0%,27.25
https://emojicircle.com/games/emoji-quiz.html,0,7,0%,7.71
https://emojicircle.com/games/emoji-bollywood-game.html,0,7,0%,22.29
https://emojicircle.com/games/emoji-memory.html,0,5,0%,10.2
https://emojicircle.com/games/emoji-crush.html,0,5,0%,17.4
https://emojicircle.com/pages/rules/about.html,0,4,0%,4.75
https://emojicircle.com/pages/rules/privacy.html,0,4,0%,8
https://emojicircle.com/games/emoji-racing-game.html,0,4,0%,23
https://emojicircle.com/pages/rules/terms.html,0,3,0%,9.67
https://emojicircle.com/games/emoji-flappy.html,0,3,0%,12.33
https://emojicircle.com/games/emoji-snake.html,0,2,0%,6.5
https://emojicircle.com/games/emoji-minesweeper.html,0,2,0%,23.5
https://emojicircle.com/games/emoji-sequence-remember-game.html,0,2,0%,23.5
https://emojicircle.com/games/emoji-hollywood-quiz.html,0,2,0%,39
https://emojicircle.com/game-banners/tic-tac-toe.webp,0,1,0%,50