Top queries,Clicks,Impressions,CTR,Position
emoji game online,2,22,9.09%,28.64
who invented emojis,1,7,14.29%,60
rock paper scissors emoji game,1,4,25%,7
unicode 17.0 emojis,1,1,100%,11
new emojis 2025 2026 unicode latest emojis list,0,70,0%,7.16
new emojis 2025 2026 unicode emoji list,0,62,0%,7.29
new emojis 2025 2026 unicode list,0,59,0%,6.88
latest emojis unicode 2025 2026 new emojis list,0,41,0%,5.85
new emojis 2025 2026 unicode latest emoji list,0,41,0%,7.17
emoji games online,0,38,0%,23.21
new emojis 2025 2026 unicode new emojis list,0,30,0%,7.4
latest emoji unicode 2025 2026 new emojis list,0,28,0%,6.04
new emojis 2025 2026 list unicode new emojis,0,24,0%,8.04
new emojis 2025 2026 unicode emoji list new emojis,0,22,0%,6.59
new whatsapp emojis 2025 2026 list,0,15,0%,5.53
new emojis 2025 2026 unicode list new emojis,0,15,0%,6.93
new emojis 2025 2026 unicode,0,15,0%,14.73
evolution of emojis,0,15,0%,69.87
new emojis 2025 2026 list unicode latest emojis,0,13,0%,6.69
new emojis 2025 2026 list unicode emojis new,0,13,0%,6.85
new emojis 2025 2026 unicode emoji list latest emojis,0,13,0%,6.85
latest unicode emoji version 2025 2026,0,13,0%,9
new emojis 2025 2026 unicode emojis list,0,12,0%,5.67
latest new emojis unicode 2025 2026,0,12,0%,11.25
new emojis 2025 unicode list,0,10,0%,8.6
new emojis 2025 2026 unicode release,0,10,0%,12.8
emoji online game,0,10,0%,31.2
emoji 17.0 new emojis list 2025 2026,0,9,0%,6.22
latest emoji unicode 2025 2026 new emoji list,0,9,0%,8.44
new emojis 2025 2026 unicode 16 emojis list,0,9,0%,8.56
tic tac toe emoji,0,9,0%,20.67
latest emoji 2025 2026 unicode new emojis list,0,8,0%,4.5
latest emojis 2025 2026 unicode new emojis list,0,8,0%,4.75
new emojis 2026 list unicode new emojis 2025 2026,0,8,0%,7.12
new emojis 2025 2026 list unicode 16 emojis,0,8,0%,9.25
complete list of all unicode emojis 2025 or 2026,0,8,0%,9.75
latest new emojis 2025 2026,0,7,0%,5.29
emoji 17.0 new emojis list 2025,0,7,0%,5.86
new emojis 2026 unicode emoji list 2025 2026,0,7,0%,7.71
new emojis 2025 2026 unicode 16 emoji list,0,7,0%,8.57
new emojis 2026 unicode 17 list,0,7,0%,9.14
nuevos emojis 2025 2026 unicode,0,7,0%,11.57
all unicode emoji list 2026 2025,0,7,0%,17
emoji online games,0,7,0%,31.43
new emojis 2025 2026 unicode list latest emojis,0,6,0%,5.5
new emojis unicode 2025 2026 list,0,6,0%,6.67
new emojis 2025 2026 unicode new emoji list,0,6,0%,7.5
new emoji may 2026,0,6,0%,11.33
new emojis 2026,0,6,0%,23.83
spot the difference emoji,0,6,0%,39.33
new emojis 2025,0,6,0%,40
first emoji,0,6,0%,51.33
whatsapp neue emojis 2025 2026,0,5,0%,7
new emojis 2025 2026 list,0,5,0%,8.4
unicode emoji 17.0 new emojis list 2025,0,5,0%,9.8
newest emojis 2025 2026 unicode,0,5,0%,10.4
unicode 17.0 new emojis list 2025,0,5,0%,16.8
free emoji games,0,5,0%,28.8
online emoji game,0,5,0%,31.4
the first emoji,0,5,0%,48.6
emoji history,0,5,0%,69.6
animal emojis,0,5,0%,73.2
new emoji 2025 2026 unicode emoji list,0,4,0%,4.75
whatsapp new emojis 2025 2026 list,0,4,0%,5
neue emojis 2025 2026 unicode emoji liste,0,4,0%,6.25
new emojis 2025 unicode 17 list,0,4,0%,8.25
new emojis may 2026,0,4,0%,11.5
unicode 17.0 new emojis list 2025 2026,0,4,0%,13.25
new emojis 2025 2026 unicode latest,0,4,0%,16
emoji tic tac toe,0,4,0%,24
origin of emoji,0,4,0%,63.25
the original emoji,0,4,0%,66
animal emoji,0,4,0%,68.25
latest unicode emoji version 2025 or 2026,0,3,0%,2
nuevos emojis 2025 2026,0,3,0%,7.67
new emoji 2025 2026 unicode emoji list new emojis,0,3,0%,8
new emojis 2025 2026 unicode emoji list latest,0,3,0%,8
nouveaux emoji 2025 2026 liste unicode emoji nouveaux,0,3,0%,8.33
latest emoji unicode 2025 new emojis list,0,3,0%,9
new emojis 2026 android release date,0,3,0%,9
new emojis 2025 2026 list unicode 15.1 emojis,0,3,0%,9.67
new emojis 2025 2026 list unicode 15 16 emojis,0,3,0%,10.33
new emojis 2026 whatsapp,0,3,0%,11.33
latest emoji updates 2026,0,3,0%,12.67
emoji spot the difference,0,3,0%,19.33
emoji games online free,0,3,0%,24
emoji games free,0,3,0%,32.33
emoji games,0,3,0%,34.33
emoji games for free,0,3,0%,34.33
online emoji games,0,3,0%,35.67
emoji food,0,3,0%,45.67
emoji for people,0,3,0%,49.33
who created emojis,0,3,0%,55.67
what was the first emoji,0,3,0%,63
emoji 2025,0,3,0%,64
when were emojis invented,0,3,0%,64.67
emoji timeline,0,3,0%,66
emoji psychology,0,3,0%,66.33
history of emojis,0,3,0%,67.67
nouveaux emojis 2025 2026 unicode liste,0,2,0%,5.5
nuevos emojis 2026 lista unicode nuevos emojis 2025 2026,0,2,0%,5.5
neue emojis 2025 2026 unicode liste neue emojis,0,2,0%,6
new emojis 2025-2026,0,2,0%,7
spot the different emoji,0,2,0%,7.5
latest new emojis 2025 2026 unicode,0,2,0%,8.5
new emojis 2025 2026 unicode latest additions,0,2,0%,9
new emojis 2025 unicode list new emojis,0,2,0%,9
neue emojis 2025 2026 liste unicode emojis neu,0,2,0%,9.5
new emoji unicode 2026,0,2,0%,9.5
🎓 🔑 meaning in tech and objects,0,2,0%,10
latest emoji update 2025 2026 new emojis list,0,2,0%,10.5
new emojis 2025 unicode latest emoji list,0,2,0%,11
new emojis 2026 release date,0,2,0%,11
new 2026 emojis release date,0,2,0%,12
unicode 17.0 emoji list 2025,0,2,0%,12.5
new emojis added 2025 2026 unicode,0,2,0%,13.5
new emojis added in 2025 2026 unicode,0,2,0%,13.5
circle game emoji,0,2,0%,16.5
emoji psychology research studies,0,2,0%,17.5
emoji game online free,0,2,0%,23
2048 emojis,0,2,0%,27.5
emoji 2026,0,2,0%,39.5
first emoji created,0,2,0%,44.5
iphone food emojis,0,2,0%,44.5
object emoji,0,2,0%,48
first emoji ever made,0,2,0%,50
emojis origin,0,2,0%,59
first ever emoji,0,2,0%,59
food emojis,0,2,0%,59
all food emojis,0,2,0%,60.5
who created the first emoji,0,2,0%,61.5
emoji evolution,0,2,0%,62.5
history of emoji,0,2,0%,62.5
emojisearch,0,2,0%,65
emojis history,0,2,0%,76.5
search emoji,0,2,0%,81
evolution of emoji,0,2,0%,81.5
where does emoji come from,0,2,0%,84
"""globe.asia.australia"" sf symbols",0,1,0%,2
nouveaux emoji 2025 2026 liste emoji unicode,0,1,0%,3
guess my mood,0,1,0%,5
neue emojis whatsapp 2025 2026 liste,0,1,0%,5
new emojis unicode 17.0 2025 2026 list,0,1,0%,5
apple ios new emojis 2025 2026 list,0,1,0%,7
emoji,0,1,0%,7
latest unicode emoji version 2025,0,1,0%,8
メンエス 🈲意味,0,1,0%,8
emoji 17.0 new emojis list 2026,0,1,0%,9
neue emojis 2025 2026 unicode liste,0,1,0%,9
new emoji 2025 2026,0,1,0%,9
new emojis 2025 2026 unicode 15.1 16 emojis list,0,1,0%,9
diversity emoji,0,1,0%,10
emoji news 2026,0,1,0%,10
new emojis 2025 2026,0,1,0%,10
new emojis 2026 unicode list,0,1,0%,10
soccer ball emoji category activities,0,1,0%,10
upcoming emojis 2026,0,1,0%,10
♈ ♉ ♊ ♋ ♌ ♍ ♎ ♏ ♐ ♑ ♒ ♓ ⛎ meaning in english,0,1,0%,10
emoji for diversity,0,1,0%,11
new emojis 2025 2026 list unicode 15.1 emojis new,0,1,0%,11
new whatsapp emoji 2026,0,1,0%,11
new whatsapp emojis 2026,0,1,0%,11
novos emojis 2025 2026 lista emojis novos unicode,0,1,0%,11
travel related emojis,0,1,0%,11
🎓🔑 meaning in tech and objects,0,1,0%,11
new 2026 emojis,0,1,0%,12
new emojis 2026 unicode 16.0 list,0,1,0%,12
travel emojis,0,1,0%,12
new emojis released 2026,0,1,0%,13
inplasy,0,1,0%,15
emoji history timeline,0,1,0%,16
new emojis unicode 17.0 2025 2026,0,1,0%,17
round trip emoji,0,1,0%,17
emoji history and evolution timeline,0,1,0%,18
emoji puzzle game online,0,1,0%,18
smiley games free online,0,1,0%,19
emojis travel,0,1,0%,20
honkai: star rail emoji usage in marketing social media,0,1,0%,20
travel emoji car,0,1,0%,24
what year was the first emoji released,0,1,0%,25
first emoji ever,0,1,0%,27
gondola emoji,0,1,0%,29
neue emojis 2026,0,1,0%,34
new emoji 2025,0,1,0%,34
2048 emoji,0,1,0%,35
emojis 2025,0,1,0%,35
road trip emoji,0,1,0%,35
tic tac toe emoji copy and paste,0,1,0%,35
free emoji game,0,1,0%,38
new emojis 2026 android,0,1,0%,38
new samsung emojis 2026,0,1,0%,38
all the food emojis,0,1,0%,39
tic tac toe emojis,0,1,0%,39
what new emojis are coming in 2026,0,1,0%,40
food emoji,0,1,0%,41
minesweeper emoji,0,1,0%,41
emoji 2048,0,1,0%,43
emoji hollywood,0,1,0%,44
new samsung emoji 2026,0,1,0%,45
oldest emoji,0,1,0%,45
when were emojis made,0,1,0%,45
who made the first emoji,0,1,0%,47
first emojis ever,0,1,0%,48
world's first emoji,0,1,0%,48
emoji origin,0,1,0%,49
emojiclue,0,1,0%,49
when was the first emoji made,0,1,0%,50
2025 emoji,0,1,0%,53
object emojis,0,1,0%,53
what was the first emoji created,0,1,0%,54
wild animal emoji,0,1,0%,54
who invented the emoji,0,1,0%,55
emojis of food,0,1,0%,57
original emojis,0,1,0%,57
what is the original emoji,0,1,0%,57
what was the first emoji ever made,0,1,0%,57
who made emojis,0,1,0%,59
history of the emoji,0,1,0%,61
oldest emojis,0,1,0%,61
why were emojis created,0,1,0%,61
are emojis unicode,0,1,0%,64
emoji food meanings,0,1,0%,64
emoji release date,0,1,0%,64
smiley games,0,1,0%,64
what is the oldest emoji,0,1,0%,64
who created the emojis,0,1,0%,64
2025 emojis,0,1,0%,65
origin emoji,0,1,0%,65
diverse emojis,0,1,0%,67
how are emojis created,0,1,0%,67
what was the original emoji,0,1,0%,67
when were emojis created,0,1,0%,67
traveling emoji,0,1,0%,68
creator of emojis,0,1,0%,69
emoji animals and nature,0,1,0%,69
first emojis,0,1,0%,69
emojis evolution,0,1,0%,70
emojis objects,0,1,0%,73
wild animals emoji,0,1,0%,73
list of smilies,0,1,0%,75
objects emoji,0,1,0%,75
emoji objects,0,1,0%,80
food and drinks emoji,0,1,0%,81
psychology of emojis,0,1,0%,85
when did emojis come out,0,1,0%,85
hang loose emoji copy and paste,0,1,0%,87
list of smileys,0,1,0%,87
food emoji meaning,0,1,0%,88
emojis marketing,0,1,0%,95
emoji marketing,0,1,0%,98